slide,meta__n_cells,meta__tissue_area_mm2,meta__mean_degree,comp__n_cells,comp__density_per_mm2,comp__immune_frac,comp__tumor_frac,comp__stroma_frac,comp__epithelial_frac,comp__endothelium_frac,comp__other_frac,comp__tumor_immune_ratio,comp__role_entropy,morph_global__area__mean,morph_global__area__std,morph_global__area__p10,morph_global__area__p90,morph_global__area__skew,morph_global__eccentricity__mean,morph_global__eccentricity__std,morph_global__eccentricity__p10,morph_global__eccentricity__p90,morph_global__eccentricity__skew,morph_global__circularity__mean,morph_global__circularity__std,morph_global__circularity__p10,morph_global__circularity__p90,morph_global__circularity__skew,morph_global__solidity__mean,morph_global__solidity__std,morph_global__solidity__p10,morph_global__solidity__p90,morph_global__solidity__skew,morph_global__major_axis__mean,morph_global__major_axis__std,morph_global__major_axis__p10,morph_global__major_axis__p90,morph_global__major_axis__skew,morph_tumor__area__mean,morph_tumor__area__std,morph_tumor__area__p10,morph_tumor__area__p90,morph_tumor__eccentricity__mean,morph_tumor__eccentricity__std,morph_tumor__eccentricity__p10,morph_tumor__eccentricity__p90,morph_tumor__circularity__mean,morph_tumor__circularity__std,morph_tumor__circularity__p10,morph_tumor__circularity__p90,het__area_nbhd_disp__mean,het__area_nbhd_disp__std,het__area_nbhd_disp__p10,het__area_nbhd_disp__p90,het__area_heterotypic_contrast__mean,het__area_heterotypic_contrast__std,het__area_heterotypic_contrast__p10,het__area_heterotypic_contrast__p90,het__eccentricity_nbhd_disp__mean,het__eccentricity_nbhd_disp__std,het__eccentricity_nbhd_disp__p10,het__eccentricity_nbhd_disp__p90,het__eccentricity_heterotypic_contrast__mean,het__eccentricity_heterotypic_contrast__std,het__eccentricity_heterotypic_contrast__p10,het__eccentricity_heterotypic_contrast__p90,het__circularity_nbhd_disp__mean,het__circularity_nbhd_disp__std,het__circularity_nbhd_disp__p10,het__circularity_nbhd_disp__p90,het__circularity_heterotypic_contrast__mean,het__circularity_heterotypic_contrast__std,het__circularity_heterotypic_contrast__p10,het__circularity_heterotypic_contrast__p90,het__solidity_nbhd_disp__mean,het__solidity_nbhd_disp__std,het__solidity_nbhd_disp__p10,het__solidity_nbhd_disp__p90,het__solidity_heterotypic_contrast__mean,het__solidity_heterotypic_contrast__std,het__solidity_heterotypic_contrast__p10,het__solidity_heterotypic_contrast__p90,het__major_axis_nbhd_disp__mean,het__major_axis_nbhd_disp__std,het__major_axis_nbhd_disp__p10,het__major_axis_nbhd_disp__p90,het__major_axis_heterotypic_contrast__mean,het__major_axis_heterotypic_contrast__std,het__major_axis_heterotypic_contrast__p10,het__major_axis_heterotypic_contrast__p90,het__local_type_entropy__mean,het__local_type_entropy__std,het__local_type_entropy__p50,het__local_type_entropy__p90,het__local_role_mixing__mean,het__heterotypic_edge_frac,spatil__immune__n_clusters,spatil__immune__clustered_frac,spatil__immune__mean_cluster_size,spatil__immune__largest_cluster_size,spatil__immune__mean_cluster_area_mm2,spatil__immune__mean_cluster_density,spatil__tumor__n_clusters,spatil__tumor__clustered_frac,spatil__tumor__mean_cluster_size,spatil__tumor__largest_cluster_size,spatil__tumor__mean_cluster_area_mm2,spatil__tumor__mean_cluster_density,spatil__stroma__n_clusters,spatil__stroma__clustered_frac,spatil__stroma__mean_cluster_size,spatil__stroma__largest_cluster_size,spatil__stroma__mean_cluster_area_mm2,spatil__stroma__mean_cluster_density,spatil__immune_cluster_compactness__mean,spatil__largest_immune_cluster_area_mm2,spatil__immune_to_tumor__nndist_um__median,spatil__immune_to_tumor__nndist_um__p10,spatil__immune_to_tumor__nndist_um__p90,spatil__immune_near_tumor__frac,spatil__immune_to_stroma__nndist_um__median,spatil__immune_to_stroma__nndist_um__p10,spatil__immune_to_stroma__nndist_um__p90,spatil__immune_near_stroma__frac,spatil__tumor_to_stroma__nndist_um__median,spatil__tumor_to_stroma__nndist_um__p10,spatil__tumor_to_stroma__nndist_um__p90,spatil__tumor_near_stroma__frac,spatil__immunecl_intersect_tumorcl__frac,spatil__immunecl_overlap_tumorcl__mean_ratio,spatil__immunecl_intersect_stromacl__frac,spatil__immunecl_overlap_stromacl__mean_ratio,spatil__tumorcl_intersect_stromacl__frac,spatil__tumorcl_overlap_stromacl__mean_ratio,spatil__intratumoral_vs_stromal_immune,spatil__tumor_local_immune_frac__mean,spatil__tumor_local_immune_frac__std,spatil__tumor_local_immune_frac__p50,spatil__tumor_local_immune_frac__p90,spatil__tumor_adj_immune_frac,spatil__immune_homophily,spatil__tumor_homophily,spatil__stroma_homophily,spatil__immune_tumor_assortativity,spatil__immune_dispersion_index
MPe01LN,410003.0,110.65344,5.778996739048251,410003.0,3705.2892345352725,0.535115596715146,0.08070184852305959,0.3506071906790926,0.0030609532125374693,0.02054131311234308,0.009973097757821283,0.1508119906570524,1.0486707219718323,20.59288598193184,11.434102205810905,8.84375,33.78125,2.040450706341235,0.7279079021789138,0.16679866104316127,0.4912768363952637,0.9258334636688232,-0.6793448422712767,0.757053512153227,0.11950226733863452,0.5812539458274841,0.8734208345413208,-1.2588553412465713,0.9501184258819106,0.039631944714336516,0.9085928320884704,0.977746844291687,-3.480036429506101,6.542898172300951,2.302200090776069,4.19631290435791,9.597848320007325,1.3626296273652252,32.07761405192215,19.90819616751124,10.115625000000009,58.6875,0.7136029995333542,0.1530121882661559,0.49985632598400115,0.8931703746318816,0.7623979225835801,0.1074687352558681,0.6123135924339295,0.8670194149017334,8.15373839448377,4.553893394592865,3.7587131124806397,13.67081796781479,11.256626895806946,10.184273568109406,1.625,23.75,0.12751306398282003,0.04705208119400654,0.0677868508576426,0.1889067867044479,0.17559954628845384,0.13733416132884277,0.02594113349914551,0.37147122621536255,0.08793103475878913,0.040780949588697775,0.037624031364686866,0.14345558132159383,0.12099932455744172,0.10611321853417363,0.014864647388458253,0.2726993083953858,0.02767573568890312,0.02164949090702885,0.008165611383475916,0.054699967203011714,0.034825781223537355,0.04617983053325538,0.0030197262763977054,0.08519166707992554,1.7406844135021464,0.872596450619412,0.7729201288684803,2.9023100476632337,2.3949031909982983,2.0908897244140476,0.3350708961486817,5.173970317840577,0.5420935649861804,0.4268033816874984,0.5623351446188083,1.0549201679861442,0.1738482371869381,0.39120100143242653,326.0,0.9867364937852908,664.0766871165645,91136.0,0.20768620392831444,0.006874323191142179,291.0,0.947050290135368,107.68384879725086,21243.0,0.04242030462426767,0.005626592119645033,674.0,0.9714713043478194,207.19436201780417,42570.0,0.18329932392035048,0.009536396873996322,1.881157202735048,26.429411054496526,48.138968385040236,11.75529422911784,185.66792027147784,0.21762177585130288,17.822265865796233,7.380721278063329,40.93313440694539,0.5670034959138374,27.59489667202238,8.597132279260855,97.05361610800762,0.3837947292069632,0.13190184049079753,0.31635154681226874,0.9969325153374233,0.9952172822574616,0.993127147766323,0.9958626200054091,0.3838102887121576,0.23158580947391247,0.3135076531770731,0.0,0.8,0.4588068181818182,0.7951031231098373,0.6300629204283539,0.7045090006200417,-0.7962529929044279,0.7256652440347207
MPe01P,1695155.0,309.338112,5.947661423291676,1695155.0,5479.942283977346,0.21224135845984585,0.48359648527715754,0.15446080151962505,0.020699582044119858,0.016767198279803323,0.11223457441944837,2.2785214272463685,1.3631107576778239,35.08821481295221,24.90993685189392,10.03125,68.8125,1.5548861944920942,0.7358414607445382,0.1547410648119605,0.517003309726715,0.9134796857833862,-0.8129522818462863,0.7476822794006062,0.11451107592666808,0.5863674283027649,0.8637654781341553,-1.2758372461632128,0.9470211974323565,0.04406325377876054,0.900237786769867,0.9777227640151978,-3.382423125717857,8.284662102194655,3.37356635562029,4.440463447570801,12.775989532470705,0.8682512177158273,48.41503377925055,26.910339913659957,17.34375,82.3125,0.7320689317915594,0.14767508310095734,0.5243960618972778,0.8998739719390869,0.7489670822404747,0.10613540090962639,0.602776050567627,0.8582535982131958,15.824369943169284,9.774047942355015,5.427846438529,28.4662811646506,19.036776886243043,19.381246436339573,2.28125,43.4375,0.124361130948706,0.045174041184280506,0.06757314295193202,0.18477567357296792,0.16588544655180815,0.1339937469430801,0.023225784301757812,0.3573221862316132,0.08908267958753532,0.03897882366813188,0.042940613566930214,0.1427439559452711,0.12252582217017963,0.10710205676012875,0.015531349182128909,0.2742708563804628,0.03143999960988009,0.023612799881447398,0.009603356250689449,0.06133232307588092,0.03850383458174629,0.05056697837438807,0.0032509565353393555,0.0943264484405518,2.4114088911699723,1.1132907107943133,1.1245386639279569,3.8593267692315174,3.291182601451761,2.833886758653887,0.4543393135070802,7.145666790008545,0.4607332939284266,0.44158869301324716,0.45056120886630463,1.0549201679861442,0.17997314390756605,0.3142238287486233,1572.0,0.9685670767297948,221.67493638676845,107851.0,0.14668042097756617,0.004303802350293249,350.0,0.9959378899717103,2332.6885714285713,698795.0,0.7790560263665197,0.004975110476804874,1361.0,0.9722038688486988,187.0367376928729,145516.0,0.267700499753772,0.0051866876694274255,1.8616800933130229,66.5038243536867,32.31190814066238,8.70197481253818,90.40522107435669,0.32717868042314513,17.19366654132667,7.461647361018808,46.22703799386742,0.5802013441472892,56.18746844705581,18.33640070599544,120.38545658570487,0.11635566517966603,0.7938931297709924,0.9757227313128605,0.9758269720101781,0.9879899387050357,0.9828571428571429,0.9932204102508795,0.5639054151797734,0.046761965707318456,0.12854227445018762,0.0,0.16666666666666666,0.16800911474058,0.6320711877505139,0.8783020693857553,0.5818489868683019,-1.495513251040365,0.6859149255966956
MPe02LN,1744210.0,339.464192,5.906897678605214,1744210.0,5138.1266157075615,0.49761496608779904,0.2313276497669432,0.16436438272914386,0.0032295423142855505,0.014460988069097184,0.08900247103273115,0.4648727732623199,1.2778216577306343,20.829747905212102,14.503296614479076,8.53125,35.71875,3.0308223242293413,0.6759159690952248,0.17119285059233186,0.4393799304962158,0.892690259218216,-0.4288275223853208,0.7765873800341879,0.1214934348527746,0.6040312051773071,0.8808060884475708,-1.7209631380414079,0.9491348271538174,0.05106312360298707,0.9055117964744568,0.9788029789924622,-4.0278015395521845,6.162292230609507,2.255037637497585,4.022152709960938,9.308720684051515,1.4828193517987067,32.24791278898296,23.001656267989375,9.65625,64.375,0.7038150895725995,0.15837550647507337,0.4818371176719666,0.8927143812179565,0.7534702633910478,0.12513038012551136,0.5790177583694458,0.8701606392860413,8.422290732418004,6.940449791104906,2.9171050114700496,17.39294372698156,12.18927779879671,13.24477905429794,1.53125,26.3125,0.1352982614795333,0.044060412657865304,0.079691515141701,0.1930994416363391,0.18825440170690327,0.14283794567967165,0.028624558448791505,0.3927226632833481,0.08993553699792586,0.05015100611020866,0.030703864228208654,0.1602670608979078,0.1333802940966664,0.12257689915029141,0.014900487661361695,0.30922428965568544,0.03352091200797455,0.031076170409649332,0.007351364062211266,0.07615110808417734,0.0445029310105376,0.06376678528914598,0.0031996965408325195,0.11458550095558172,1.5171549465756369,0.8810336677616138,0.5747993680391649,2.744744067189475,2.3529999025151977,2.0860441251142072,0.3191422939300538,5.1806740283966075,0.46322371447920085,0.4191913039893542,0.45056120886630463,1.0397207708399179,0.176087372668382,0.32529537886045345,1679.0,0.9872054104810777,510.3275759380584,562265.0,0.15160459900737422,0.004568969007192709,877.0,0.985573157795598,453.4355758266819,243916.0,0.30944013677913806,0.00419922827782667,2161.0,0.9425259691788196,125.03887089310504,167741.0,0.14767868250014896,0.005310527216729387,1.9058424199024093,131.76562102658988,24.29672875559666,8.255821309775754,65.95600323404531,0.41267707055170544,23.565694010660955,8.52090590491851,58.27536983436799,0.4171531606265374,39.15305839291094,12.090249350897379,109.62008500080884,0.22975384401859802,0.8111971411554497,0.9736120572805061,0.6914830256104825,0.890796101726849,0.9703534777651083,0.9839219335924508,0.9892699097439916,0.1867944515309167,0.2701783893824811,0.0,0.625,0.4624991325554421,0.8086177401938132,0.6922993949986326,0.6109777211054587,-0.9545277747669122,0.7584184885570511
MPe04LN,628553.0,209.420288,5.799183203325734,628553.0,3001.3949746693056,0.08586229005350385,0.2998315177876806,0.23609305818284218,0.0029671324454739697,0.026535550701372836,0.3487104508291266,3.492004628677389,1.3937024639994964,22.97386367975334,20.262526504858293,5.100000000000136,50.34375,1.9671395065150763,0.7523394347765352,0.15534634087534113,0.5322741150856019,0.9296223163604737,-0.8589877709386556,0.7120634423793822,0.132497623222548,0.519646942615509,0.8540071845054626,-1.00577335891069,0.930847599039707,0.05927718438802093,0.8625259160995483,0.9749009013175964,-2.738946401451778,6.750598324326032,3.2008309762358365,3.3134278297424316,11.274945640563967,1.0836206722339452,39.24828229465138,25.89540981920226,10.15625,75.0625,0.7321020375886391,0.15026141670102855,0.521621721982956,0.9046362936496735,0.7142086028973271,0.13278088135243393,0.5250361740589142,0.8511579632759094,12.53349843653331,8.962272127518125,3.7759052432541678,25.547754500651386,18.082576344077303,18.484576204652654,2.09375,42.1875,0.12632500541833172,0.04699890453402363,0.06759501390596685,0.18849639937640808,0.16944670770407655,0.1365220691329348,0.023655414581298828,0.36412466168403623,0.10785475865223833,0.04146471702561749,0.05620369979532721,0.16360966201876181,0.1434196461797096,0.11744562717279615,0.01930519938468933,0.31292653679847715,0.04368409020733541,0.029753329869386724,0.013937564107766042,0.08484294723243836,0.049964000090718476,0.061786314158645515,0.004326820373535156,0.1239058494567871,2.2159782596456825,1.1057088117363327,0.9489123615341096,3.681183304832219,3.365407761946978,2.8340014205538733,0.47945780754089357,7.277350580692291,0.49074898833713826,0.4432812275931646,0.5004024235381879,1.0549201679861442,0.20391445325814947,0.3384165127154471,1577.0,0.7556374955993116,25.859860494610018,4641.0,0.024606732929405035,0.004121105169088892,362.0,0.9793908521702167,509.878453038674,173550.0,0.31688121869096453,0.006650368154642729,1760.0,0.9288193157543554,78.31477272727273,44396.0,0.0833915778565273,0.004586798211655687,1.9487952206517067,6.586729316006184,33.515470462611745,9.99599471893459,137.99392157528325,0.33359891789731144,18.02682247710091,7.578578541793309,48.32436022391759,0.5545776278974968,36.03903152586162,13.608829729785242,83.47888269123322,0.2130001061233153,0.6715282181357007,0.9224129965278351,0.8097653772986684,0.8542773394583429,0.8867403314917127,0.9313611926080274,0.6015369183941081,0.055935394575328964,0.1109948556378378,0.0,0.2,0.2545633025575719,0.26532567718967526,0.7735010504039269,0.6395237162755185,-0.3989180158556631,0.7290840354417311
MPe05LN,636556.0,185.421824,5.743438126417786,636556.0,3433.015522469281,0.5055156184216314,0.03184951520368986,0.3898651493348582,0.00817524302653655,0.034436875938644834,0.030157598074639153,0.06300401803633567,1.0827545995741792,23.361725294003985,12.651088654779292,10.875,38.40625,2.492184218842199,0.7230019862751431,0.1684968347041174,0.48373664915561676,0.9240375459194183,-0.6592032817568624,0.7583260196437817,0.11959539171438477,0.5822071433067322,0.8746834993362427,-1.2666124882472665,0.950921401698685,0.040543171167374555,0.9108433723449707,0.9779735803604126,-3.7665102420138195,6.993858327761567,2.571019192124628,4.5257720947265625,10.430495738983154,1.4524030859249866,23.673066489099337,21.919190764300883,6.0625,45.49062500000002,0.723599975012317,0.15780390085061743,0.4989219307899475,0.9090573608875275,0.7376670349061142,0.12788541611966775,0.5541704416275024,0.8663094341754913,9.041929053354666,5.659608081597261,3.6365147838475815,15.423502331267677,13.752063964644687,12.870545100524454,1.96875,28.875,0.12812285805842633,0.04759651626314784,0.06766815568393342,0.1901288384666546,0.17622603912855578,0.139061662432362,0.025310099124908447,0.37553951144218445,0.08759998470979645,0.04163127881131137,0.03641190322425658,0.14360186200534664,0.12575346568211446,0.1078176340736313,0.016104936599731445,0.2799394130706787,0.027605163406795113,0.02298796044121101,0.007708271347324809,0.05591829356104409,0.03672909045336218,0.049326391508455976,0.0030818581581115723,0.0896611213684082,1.8868841775142295,1.009461132311674,0.7598953071169197,3.2108549622790212,2.8121851732432113,2.404998432550012,0.40479373931884766,6.00395393371582,0.5828608644054646,0.4292420373414142,0.5982695885852573,1.0821955300387671,0.2107842405997386,0.4119457771018758,668.0,0.9839584323889227,473.99251497005986,245392.0,0.19870976357368308,0.008155703641611398,718.0,0.6661734240899345,18.81058495821727,1353.0,0.009878843410471273,0.005334543504182217,1079.0,0.9688843579628524,222.8443002780352,222238.0,0.21951258449655175,0.009558126834494966,2.0164545726334318,93.24127222919154,57.41550532713521,17.4125449558333,128.64841894251538,0.125066425514856,14.955821785653038,6.855765176153344,34.53307271004852,0.6701844997809123,15.62150797240875,6.895328367704775,41.53896844817664,0.6294268521258755,0.14221556886227546,0.4335156247928687,0.9940119760479041,0.997976189034381,0.9930362116991643,0.9967482404872827,0.18661491778626052,0.2949536150092118,0.31871220174712434,0.2,0.8,0.6048140475485844,0.7602107281131849,0.2938387118742938,0.6796725918539701,-0.5121598441284434,0.6816568206107705
MPe08B,134904.0,55.894016,5.696124651604103,134904.0,2413.5678495098014,0.09981171796240289,0.58582399335824,0.2812444404910158,0.0028316432426021467,0.0011563778687066358,0.029131827077032556,5.869290695002541,1.0274823595002585,29.45069132494218,17.77424840946714,9.1875,52.53125,1.1659247272292388,0.7667108096850835,0.14816829760327876,0.5558516144752502,0.927942830324173,-1.0191129824116685,0.7352449043825059,0.11317879187677733,0.5746992707252503,0.8583039700984955,-1.021805157683359,0.947906069426382,0.042983987270739064,0.9043927788734436,0.9773242473602295,-3.4957521103279627,7.921066415721338,2.8959948592605635,4.364383125305176,11.661064147949219,0.5871427953153917,34.151913039352145,18.095112468496534,12.90625,56.90625,0.7720686160039294,0.1433074467690799,0.5694868803024292,0.926370358467102,0.7348902333420801,0.10815552663074997,0.5819260656833649,0.8538909494876862,12.253093673094664,6.249546236052817,5.379100971297517,20.23466241840343,16.319330910852713,14.78759674180118,2.15625,35.53125,0.11751176654714639,0.04739800611853026,0.05873425232545068,0.18106133388631684,0.15809469543536042,0.13090062689194765,0.021397966146469116,0.34436915814876556,0.08970914264459333,0.036370007800706705,0.04620222353095776,0.13777295373647638,0.12208691639077755,0.10357089931073177,0.016294252872467045,0.2681596159934998,0.029682874086435267,0.0236774528293533,0.008522167395233418,0.05982614538579917,0.039525125655554987,0.052161639400304,0.003237658739089966,0.09827163815498362,2.1366435530852455,0.901236050621664,1.0848393067383273,3.292310358776279,3.0062197663488313,2.440666219184027,0.44373741149902346,6.351656770706178,0.48495893208780133,0.42965149132093394,0.5004024235381879,1.0549201679861442,0.18970121181355593,0.33574951524537044,306.0,0.842480505012934,37.071895424836605,3033.0,0.024118573618162886,0.005166855768468464,107.0,0.9886119195242188,730.1869158878504,25211.0,0.4808596015440981,0.0050233274966577516,376.0,0.9469439392741112,95.55319148936171,4844.0,0.11155783051384018,0.003446271310917415,2.0119392987659253,1.8296151048474312,21.79208855254013,8.26164767219142,66.90308889845208,0.46141849238767174,16.39223874478343,7.343268682004718,42.705527500173936,0.6095061269959153,31.653204591605604,12.571484157135826,64.68521918517821,0.24891813235480198,0.954248366013072,0.961350924533478,0.8725490196078431,0.8635040061653513,0.8785046728971962,0.8395451518610155,0.7570366747662364,0.04312927017620926,0.10648654588831134,0.0,0.16666666666666666,0.18298114640010124,0.43165504897117074,0.8312697075571144,0.647209187418132,-0.8027836371982545,0.5548161947304135
MPe08LN,1964056.0,275.562496,5.892630352698701,1964056.0,7127.443061021165,0.7301344768173617,0.08821846220270706,0.13718244286313627,0.0015467990729388572,0.024517121711397232,0.018400697332458953,0.12082495058502679,0.8907875390081097,20.571951423482833,9.123704834414484,10.84375,30.96875,1.6860926184438436,0.6259312278072305,0.16907246522685185,0.3990935981273651,0.8473995625972748,-0.22818170284354766,0.806054154641491,0.10521391609544017,0.6690022349357605,0.8870969414710999,-2.220127822595799,0.9557124098491736,0.044159219213338076,0.9224806427955627,0.9797525405883789,-4.522637422666522,5.974800833543913,1.7186503251472804,4.368106365203857,8.067258358001709,1.671628300726719,23.492046369455057,12.654604460188168,8.875,39.21875,0.6621428050659394,0.1552661059146939,0.4484598785638809,0.8525876998901367,0.776504393110853,0.11903342433356506,0.6155878901481628,0.8760971426963806,7.045189647869666,3.926019658369416,2.9913068492995927,11.954265332310804,12.059705759262268,10.393817627609799,1.8125,25.15625,0.13614634836624664,0.04258135056088992,0.08254113798487642,0.1911247645823152,0.18508185561983398,0.1389077602045967,0.0287839949131012,0.38373348116874695,0.07633881949103782,0.04805695828848468,0.024276774682220635,0.145692189635722,0.1157973945129926,0.11560778241292685,0.012066620588302613,0.27914794683456423,0.028428984381041182,0.027983773047390234,0.006171868456868981,0.0657032980310621,0.04135618553190746,0.06039896786806345,0.0027843117713928223,0.10968937873840331,1.2894826352655118,0.7162869685767118,0.5268221367350661,2.206721164595891,2.125287611393992,1.813708378428371,0.30873870849609375,4.512971806526184,0.48788917187798364,0.41359847955246926,0.5004024235381879,1.0397207708399179,0.17940888166450572,0.34664390653923943,459.0,0.9966883422534468,3113.891067538126,1393657.0,0.3971383986491317,0.013992104505389959,800.0,0.9667216880403486,209.375,50275.0,0.18684307498489308,0.004758433133349616,2053.0,0.9353273900101661,122.7515830491963,190522.0,0.13396445638290233,0.006690767737002076,2.5580155220902268,177.16139800553478,20.237019375659813,7.947252592953274,50.6819543506141,0.49368455919527204,17.526572951662047,7.428162953653027,40.36946212686658,0.5789306323111522,18.054690593113286,7.4988465693572355,42.71009577527373,0.5573511248600418,0.1503267973856209,0.5826912623189631,0.8235294117647058,0.9107523659614198,0.99125,0.9964054828970935,0.8527525247224848,0.545427245044497,0.3136439940403432,0.6,1.0,0.8868098761441945,0.8328279650367052,0.3391095826147003,0.48654103136622323,-0.24935471365135126,0.9370243745815736
MPe09LN,376214.0,121.004032,5.706890227370592,376214.0,3109.103009037673,0.41784197291966807,0.16003657492809945,0.39057557666647175,0.004510730594821033,0.002854758196133052,0.02418038669480668,0.38300741648053566,1.156161119522657,22.53128854189371,15.438683423241882,8.71875,40.8125,2.4232495170568367,0.759320215027226,0.15676570766006973,0.5355008721351624,0.9359737455844879,-0.8831140969733707,0.7340774053075106,0.12270100878703254,0.5548075437545776,0.8631452918052673,-1.0509039399977995,0.9460318260812134,0.041757163436678756,0.902151906490326,0.9763109683990479,-3.3473631631778398,7.00743826572508,2.8274571723018154,4.213981056213379,10.858411598205567,1.3532292338595673,37.415890537802284,24.43277981981901,9.8125,69.75,0.7765350373353688,0.14322713021446262,0.5746634364128113,0.9318649888038636,0.713108719618352,0.11391827445749667,0.5518058359622956,0.840815544128418,9.792316185951462,6.993495997368803,3.566634285198703,19.0199607210429,13.64526499905294,14.021179757955773,1.78125,29.78125,0.12050581819244481,0.048044655491049366,0.06042145690304528,0.18407621199553445,0.16385743654957435,0.1335182320596467,0.022894072532653808,0.35429180264472965,0.09271038363676161,0.040228206285146874,0.042771789807357546,0.1464940719782024,0.13252488330049994,0.10840368809750543,0.018246883153915407,0.2884271562099457,0.029488584236311916,0.022443962704953458,0.009181332540387204,0.05767773518353824,0.03887505407934388,0.04824147710346754,0.0036444008350372315,0.09285268783569339,2.009589566266963,1.0839985850778342,0.8113268457180615,3.480822863858338,2.8862293804673516,2.5200130823800135,0.40499725341796877,6.235080385208134,0.5435474641842002,0.4123841258390777,0.5623351446188083,1.0549201679861442,0.20800637208791173,0.39343981309838977,473.0,0.980559549103672,325.8816067653277,67816.0,0.11719121866854794,0.006240706564831437,402.0,0.9384965453095778,140.5597014925373,20089.0,0.08077737655841846,0.007834703778654755,1059.0,0.9518579011841504,132.07365439093485,120289.0,0.12929957635578768,0.006911411020515879,1.9770375402030387,17.06920087718487,39.72632305049824,12.151638563253298,95.92463030183116,0.2247038766396519,13.830920885883327,6.473954499969527,33.254086464071804,0.7083741523429051,25.82155286857518,9.549522842645134,60.3494445643011,0.3680740100983258,0.6046511627906976,0.7823994306016461,0.9767441860465116,0.9871009906963069,0.9477611940298507,0.9797509533039048,0.31721072201639,0.12841242413664025,0.20725712072133154,0.0,0.4,0.3993655328195589,0.7156598230696406,0.6868466456057516,0.6952573177403406,-1.135450734989359,0.5976821634908408
MPe10LN,260453.0,81.813504,5.640772039485051,260453.0,3183.4964555095517,0.4045643551811651,0.061715549446541215,0.340165020176385,0.0015549830487650363,0.01040494830161296,0.18159514384553066,0.1525481632368641,1.2721632312602784,15.647393075718076,7.450429473514377,6.84375,24.3125,1.3350680956771335,0.684352420030254,0.18363502107057905,0.42550883293151853,0.9112011075019837,-0.4722910167909328,0.7721644700590926,0.12068066161957286,0.5978462934494019,0.8827802419662477,-1.4685425863531962,0.9486090511921537,0.04618570080168578,0.905940592288971,0.9783132672309875,-3.8623693764091076,5.545837029767405,1.8947332406964004,3.658213472366333,7.893443489074707,1.6920531597683615,17.121127286300858,10.080279341659237,5.90625,29.9375,0.7179242759647284,0.15590451071155986,0.4968906581401825,0.8986557722091675,0.7587579825814942,0.114117704464894,0.6048232436180114,0.8687118351459503,5.501527068772985,2.8755925698380307,2.498651780869022,8.995914683803937,8.638565828072998,7.341035903646539,1.28125,17.84375,0.13285831595060674,0.04915072230802443,0.0703182724336916,0.19630347863690642,0.18924714005750212,0.1465882770937795,0.02775806188583374,0.4006189078092575,0.08568961648087596,0.04682054071349425,0.02866161154512738,0.14913508550301918,0.1261661644403425,0.1130058107986671,0.014987796545028687,0.2861674964427948,0.030349647871928936,0.02722449032783282,0.0074448432956866085,0.0650203022572291,0.040065592694000535,0.05571660604184629,0.003298836946487427,0.09891785979270937,1.3621057851557483,0.7907097091017894,0.5265006775876848,2.383827802855662,2.1238138441610084,1.8802481082151168,0.2989205360412598,4.568856883049016,0.48173111274233366,0.43183347055088284,0.5004024235381879,1.0549201679861442,0.19080351194222003,0.34850485584920865,138.0,0.9837524912214008,751.1449275362319,102048.0,0.13768095124059412,0.011070624059074961,207.0,0.85734726888137,66.57487922705315,7899.0,0.05646478256156349,0.006760229234382803,708.0,0.9492194995315761,118.78248587570621,52231.0,0.08864813585920571,0.004688272867490825,2.2119653563172794,18.421009327444313,26.518503448116515,9.196404966941325,68.80899303100179,0.3622568093385214,15.365225580813561,6.584297115210427,36.72418501023959,0.6458384739489418,13.349224694068813,5.937927496907346,35.971568723701445,0.7033719049396541,0.12318840579710146,0.6497218124586728,0.7681159420289855,0.8638906224040069,0.9227053140096618,0.9464200650176949,0.560909303780888,0.3231170685324877,0.31787769458805987,0.25,0.8333333333333334,0.659076769939032,0.7587574201613704,0.32391912222563424,0.7112429085824259,-0.15248249382864326,0.5530105748182965
MPe10P,645754.0,220.205056,5.625702666959864,645754.0,2932.512139944087,0.11343483741486696,0.017656878625606654,0.3523199236861096,0.035021076137352614,0.04373492072832689,0.4378323634077373,0.15565657669498223,1.301585038867035,20.32744865885461,17.501030220712657,3.84375,43.8125,1.67741496795602,0.7674948983799189,0.15448000131752387,0.5464620888233185,0.9384342849254608,-0.9511665652629409,0.7161074674221428,0.12721251436541123,0.5297305524349213,0.8561941385269165,-0.8801660507670627,0.9359012606835374,0.05032721120464665,0.8782096743583679,0.9751552939414978,-2.6806542367432584,6.614350967254787,3.7465373987475634,2.7691600561141967,11.768203449249269,1.3524907852201458,21.74728391948781,15.74684388970782,5.75,42.375,0.7779855089517952,0.14839829923164508,0.5653155148029327,0.9414026975631714,0.7125405992785268,0.13117800208506353,0.5233928442001343,0.856042343378067,8.928619256244838,6.947689802921792,2.4082513322238532,18.187084928206318,17.460033177230702,15.713654609543426,2.375,37.34375,0.12226694136216888,0.04920954129887316,0.060199149391748266,0.18744229515535885,0.17098151025769365,0.14218627788363258,0.021587312221527107,0.3773794651031494,0.10080596407148307,0.0387100410226807,0.05232291061177479,0.15248956628644908,0.14702454401867246,0.11455958888018672,0.021224021911621094,0.312339049577713,0.037483663387589586,0.025056376238573187,0.012599866823679398,0.07144303806287006,0.04223124819748386,0.05113363463877722,0.003957873582839966,0.10027773380279544,2.0499948100157397,1.3277349329686194,0.7831041223486859,3.901874653670203,3.7807092245121363,3.2501359459849968,0.5368317127227783,8.122713518142705,0.33809441759177716,0.4206260081280625,-0.0,1.0114042647073518,0.12198163449964845,0.23270737333531527,1594.0,0.8573125281566004,39.39711417816813,18377.0,0.02480852495616355,0.007691510698807479,435.0,0.6411155937554253,16.804597701149426,307.0,0.00736380756334707,0.0059327874318611555,1258.0,0.9731662505713942,175.99920508744037,158631.0,0.16550768475854236,0.005971694402607862,1.966279547894872,13.952993513051004,77.32906318090804,19.644126658844385,211.74482590345065,0.10263341114797067,16.49943548739594,7.328586458102063,35.67705308490594,0.6175205799238236,12.145349698716396,6.194548413838439,29.063217884247443,0.7694264164181722,0.1053952321204517,0.21130490651711253,0.9341279799247177,0.9655588126528944,0.9816091954022989,0.9845075328429438,0.16620241384413287,0.149001395847847,0.2307215262116165,0.0,0.5,0.4006314681634801,0.5324894955345328,0.25395459590382286,0.8016270575925568,0.3029650620279637,0.5745488738524499
MPe11LN,1172438.0,159.289344,5.902285664572455,1172438.0,7360.429583994267,0.7333632993812892,0.03416044174617336,0.115447469290487,0.003616395920295999,0.032742882779302616,0.08066951088245178,0.04658051708943264,0.9273790819447106,21.696929416523517,11.026043288662017,8.875,34.53125,1.4935455057348863,0.6708004927129321,0.1677692881053367,0.4399993151426316,0.8822965800762177,-0.4218724964139488,0.7742525903662116,0.1142583076011289,0.6108759641647339,0.8762418627738953,-1.6144137998499,0.946930384217842,0.04743680264623576,0.8984127044677734,0.977667510509491,-3.4627279107918785,6.343999980597337,2.1791553206147753,4.142148780822755,9.035845851898193,1.5729877289505718,21.591134584654565,13.190546019075928,6.03125,39.0,0.700391775489483,0.15539752570354573,0.48337695002555847,0.8872483968734741,0.7389446781146292,0.12584017819492369,0.5563338994979858,0.8618528842926025,8.02902316962917,4.431285628634178,3.5008170283379907,13.648784918512575,14.479260965600727,12.467268977719518,2.125,30.40625,0.13389973582387613,0.043343473007585016,0.07918565564542678,0.19030662735793102,0.1758602756989851,0.13790952528116673,0.025534868240356445,0.37342286109924316,0.08724065776348361,0.04421145451015614,0.03486306219389364,0.14894821432741015,0.13084644519676258,0.11378093622118869,0.016140401363372803,0.29533272981643677,0.033514340853213184,0.02642241501413032,0.008923138521206044,0.06878078124092774,0.045239734041031196,0.056474962939176025,0.0037339329719543457,0.11357802152633667,1.5622053860958078,0.8603100884182678,0.6705107754400558,2.6690489224206257,2.775343316190203,2.3764120801481563,0.40165090560913086,5.898892402648926,0.3461834126538761,0.41139281147746304,-0.0,1.0042424730540764,0.11496743983394256,0.23660214703216617,469.0,0.9952734458138465,1824.6460554371001,845477.0,0.19815664510096886,0.008059611111024234,761.0,0.8509400514343999,44.78449408672799,6851.0,0.025561505999140453,0.004499681658960141,1354.0,0.9389383473089216,93.86262924667652,78613.0,0.11358065134730976,0.005250504016249186,2.0979572451175565,89.50537889049887,41.99995228219728,12.39936126935667,103.87539225222783,0.21101784902241508,27.493499212905434,10.053134156217833,62.95242146624261,0.3345525765186556,25.569085352490408,8.592214551218158,65.73053143550943,0.3896032558487928,0.07036247334754797,0.29570449238783314,0.906183368869936,0.9352576686663737,0.985545335085414,0.989401607223533,0.6307464452598579,0.5468109377574887,0.33570974119942754,0.6,1.0,0.8550597987565853,0.9097637658585759,0.2996233640636122,0.5980928732466516,-0.26264950137585785,0.924354088161691
MPe11P-A15,1215636.0,358.35904,5.8486471279231615,1215636.0,3392.2292011849563,0.20441234053614735,0.3502413551424933,0.35548387839780987,0.0188822970033793,0.006747908090908792,0.06423222082926139,1.713406110954207,1.3446631702532112,25.99450341734697,18.394435443538516,9.0625,47.5625,2.3279585312877327,0.7216869515136227,0.15873426175277172,0.497520312666893,0.9081244170665741,-0.7231147953137519,0.7477250559405315,0.12334858544212302,0.5741091966629028,0.8682193160057068,-1.3785387110130265,0.9428450282749415,0.05412903602895819,0.8910890817642212,0.9770992398262024,-3.56626556749652,7.1169940327150725,2.800159700390408,4.169939041137695,10.918669700622559,1.2363146616839293,32.64963625853168,24.252669407424165,10.15625,65.3125,0.7158797484349405,0.15324298460930585,0.500487357378006,0.894556999206543,0.7379568281537986,0.1271809573579935,0.5615602731704712,0.8627150058746338,11.727830572770106,7.898433057570646,4.641556308150822,21.82750701218608,14.369205136437829,14.964497709787443,1.78125,31.65625,0.12792926088499987,0.045257309410655776,0.07084304904611219,0.1878327320122971,0.1694295824112922,0.1340413599667912,0.024586874246597293,0.3606844127178194,0.09486308094874735,0.04471066058195669,0.04198823073876999,0.15725586701152303,0.12079974311718093,0.11372075346179239,0.01397337317466736,0.2792404174804688,0.03658609493478605,0.030814397381690818,0.009203220463050605,0.0792684620959851,0.04274383272399028,0.062057783104390814,0.0030925929546356205,0.10929716229438789,2.035470375078726,1.0112684503431257,0.9281637202991968,3.4109305800621565,2.608987453247922,2.363408739863122,0.34856290817260743,5.76296844482422,0.6085708955331806,0.44090847518948023,0.6365141682948128,1.242453324894,0.22797516726466402,0.4211951178552049,1871.0,0.9416880289426943,125.06734366648851,91685.0,0.11864974706079047,0.0048679738137789325,1000.0,0.982281347030996,418.222,338305.0,0.3437423393762962,0.004973258656612368,1533.0,0.9788748527672787,275.93607305936075,337882.0,0.23119689353324316,0.003970674755096384,1.9140307991631043,108.7663191053792,18.532465002360606,7.423332569149111,59.694475886744556,0.5357457614159065,20.945542365196204,8.208280095219829,57.43217405795699,0.4775665919490042,30.82096617362619,9.254126092171218,81.59211148333614,0.33014378790227494,0.9396044895777659,0.9655535132274129,0.8963121325494388,0.9262399701061309,0.967,0.9626446174671841,1.1218242006997226,0.11908442468487151,0.1989292245109155,0.0,0.4,0.36810125749825023,0.5523401085987372,0.7087160360797297,0.7221243939063039,-0.5238568400955639,0.6506981918295935
MPe12LN,1083947.0,107.421696,5.953612123101959,1083947.0,10090.577977747711,0.6787638140979217,0.09090204594874103,0.14035464833612712,0.008671088162059585,0.024618362336903926,0.056690041118246555,0.13392294039072644,1.0516578480184464,20.45650101550168,9.713696233185914,9.1875,32.34375,1.221636973666475,0.685763928876938,0.1635588731276215,0.45940646529197693,0.8888607382774353,-0.5090177191385183,0.7762901073304047,0.10746316549079273,0.6243479251861572,0.874870240688324,-1.571354939923363,0.9499471313696458,0.04148796859288087,0.9085129618644714,0.9776119589805603,-3.6296361392436656,6.23693376572508,2.0072884658252126,4.149495697021484,8.794482421875,1.3077298421352288,24.2203091223245,12.417583457063682,8.90625,40.375,0.710911862799465,0.1532837666408914,0.49562544226646427,0.8899313688278199,0.7551712359837488,0.1081623132207269,0.6063885688781738,0.8634188771247864,7.514488277829655,3.6970252028956647,3.483568203582189,12.324402715461328,12.150715615142548,10.071438643170882,1.8125,25.25,0.135728347915853,0.04284090821168802,0.08178427612166413,0.19212551674364184,0.18175903258913975,0.13943976015069626,0.027411305904388433,0.38086620569229135,0.08425726944608238,0.04063739300069175,0.036181971449847763,0.1402635978320489,0.1237996185633929,0.10728782274709867,0.015514278411865243,0.27763880491256715,0.029546984932426402,0.023138347761834682,0.008733233735016712,0.059190983726788,0.03915390682877893,0.049419144179846136,0.0034149885177612305,0.09601502418518067,1.5438870310164488,0.7617292849494828,0.7117360824315412,2.538421137955991,2.4717189860688062,2.058978250015926,0.3628591537475586,5.20315561294556,0.4797590983421329,0.44304512760910575,0.45056120886630463,1.0549201679861442,0.18250054615253733,0.3298208696191155,232.0,0.9975290318371594,3163.4741379310344,338092.0,0.35831990177904915,0.006617471564746008,429.0,0.9711568713019905,223.05594405594405,27387.0,0.12099080870282133,0.004557932993760754,490.0,0.9743191991428715,302.51020408163265,68161.0,0.198298579068153,0.007253439483483893,1.9731513796030762,31.8832346999594,31.419464680904955,8.524419726184266,84.49189573374932,0.3351627740083507,20.74993816044759,7.893280796998108,49.05934621472434,0.4804728275052192,18.503045424251756,7.527506440003848,43.631499304158275,0.5433103630255853,0.06465517241379311,0.4413298316787266,0.75,0.8438948316991718,0.986013986013986,0.9871987927864992,0.6975686326551761,0.42473940337964294,0.29203585282467454,0.4,0.8333333333333334,0.8599048034668588,0.8410858478524491,0.4237324219447862,0.516934409491582,-0.4432899417847726,1.0255535419462154
MPe12P,582127.0,196.493312,5.818101548287573,582127.0,2962.5792047163286,0.13577964945793616,0.22284656097380812,0.381622910464555,0.17954329553516674,0.04959227110235395,0.030615312466180062,1.6412368143696527,1.5373340257255417,25.839175128451352,18.80009180103251,8.15625,51.5625,1.7076091872255,0.7773349899068351,0.15385378681550982,0.5572491884231567,0.945476770401001,-0.9801017688785607,0.7092977964880458,0.13366409932721468,0.5151811838150024,0.8570932865142823,-0.8715206555615772,0.9397995780707137,0.05218819778568902,0.8858131766319275,0.9766268253326416,-3.252097230113598,7.501086356729242,2.8533065941336826,4.191011428833008,11.343050384521485,0.7132648075766149,40.344304779340916,25.656591807096618,9.5,75.59375,0.7164428447174751,0.15519581213660613,0.5001349568367004,0.9019121646881103,0.7411883736626793,0.12815167618814619,0.5569847464561463,0.8652845025062561,11.45115095657164,7.326668573818919,4.288706321602868,21.916272509552073,15.684461268767663,16.273063128757382,1.78125,37.0,0.11440376112444857,0.048393060613924864,0.053437492404165815,0.17914105156073587,0.15666662606217865,0.13221937303948073,0.019936549663543704,0.3450206249952316,0.10293442536166675,0.041573229941992106,0.05078025409612236,0.1585100799414758,0.13740364696101484,0.11513084626456656,0.0179502010345459,0.3035347700119019,0.03529112548072585,0.028133848699641258,0.010126089000794416,0.07309770702875962,0.04364142159907257,0.05799129848081578,0.0036017894744873047,0.10853297710418705,2.210257140552874,0.9275838246243456,1.1215393467852712,3.411140628273969,3.0064534522644535,2.4916216245302656,0.4247899532318115,6.475027799606323,0.5362321482538824,0.4150243890142504,0.5623351446188083,1.0549201679861442,0.21811731501815954,0.368606567590055,1691.0,0.8719398793031354,40.75635718509758,3005.0,0.034100417811247626,0.0050060950201739176,469.0,0.9689728271343151,268.01705756929636,39296.0,0.2687697513230144,0.005133118305601719,553.0,0.9864192696024768,396.26763110307417,99094.0,0.35638380278506804,0.005653741373379912,1.9382147522125874,1.3509361196011902,29.985258797068955,9.687174145540348,129.07960850950948,0.35789020887893624,18.458663232092707,7.093527366068595,95.32104564441394,0.5314330537316077,47.14356255158369,12.550377988227233,130.36608525572998,0.20863364810175372,0.6682436428149024,0.8800038301652912,0.9438202247191011,0.9485306053499045,0.976545842217484,0.9693268713666325,0.6734436363949612,0.11057694671645364,0.1721491715795751,0.0,0.3333333333333333,0.3964154943148969,0.41838066046913586,0.7058362178181551,0.7650380307799265,-0.18067311436079647,0.683643338832159
MPe13P,729288.0,269.697024,5.714573666370487,729288.0,2704.101028557497,0.19459939009006044,0.2036122903434583,0.5325317295773412,0.010480084685336932,0.03345591864942245,0.025320586654380712,1.0463151462237963,1.2326548199492182,25.789398144148812,18.628369251715277,9.40625,46.84375,2.639909649816455,0.7763705600580229,0.15335815180933088,0.557324904203415,0.94471053481102,-0.9896180676987842,0.725621922388527,0.1271158565446049,0.5381751656532288,0.8616475045681005,-0.9677184259144616,0.9477256111609177,0.04041101710718003,0.9059304594993591,0.9769911766052246,-3.507940487978466,7.6200509249869475,3.0681956685862852,4.33900556564331,11.802016067504884,1.1644776679593456,39.72286427888371,29.36609144627741,9.75,79.34375,0.750781969499325,0.14925397521308328,0.5397934675216675,0.9183452904224395,0.7398573531760761,0.11325426885643795,0.5806429386138916,0.8590810894966125,11.60362800734101,8.175951977790524,4.537948380870298,21.542265225538898,14.219987855089972,14.812298589253166,1.8125,30.78125,0.11753109891715965,0.04920116804387445,0.055429912538053884,0.1830843640654796,0.1592095141950843,0.13303408765177913,0.0207474946975708,0.34924949407577516,0.0968425831970207,0.039685265675651636,0.04732591325841662,0.15002851733580325,0.12839006020373295,0.10930345640856987,0.016434073448181152,0.2860959053039551,0.028431132247906478,0.021971643839516646,0.009049538357793919,0.05488768202723221,0.03468964971961462,0.04596090537026894,0.0031303763389587402,0.0820319414138794,2.27692482378944,1.0654218970175138,1.0698303426147429,3.678638729441466,2.952029869321432,2.575701535255791,0.40664463043212895,6.419169235229494,0.5768576825772658,0.4280582149157167,0.5623351446188083,1.0789922078775833,0.19673538672593416,0.407588594792649,1361.0,0.9290651709778048,96.87876561351948,41349.0,0.0762472053750138,0.005959552864425284,886.0,0.9462731999030187,158.59367945823928,94150.0,0.11244388068070232,0.004100214955120629,1049.0,0.9850013775558786,364.6749285033365,290041.0,0.33053794141032816,0.004204042779073944,2.0217202658613083,44.742939459128856,31.913059176825396,8.772428932528562,115.34069201265302,0.3365652238248578,14.625589244742258,6.8046158123659515,39.3800455909138,0.6678175579027473,35.73877581156768,9.808665624967666,101.37392444431838,0.29465560434232146,0.41219691403379866,0.7695500854401314,0.9992652461425422,0.9941874392247685,0.9954853273137697,0.9897694237106514,0.5039777995323286,0.11006740596575663,0.18470476726312296,0.0,0.3333333333333333,0.3688346846968187,0.5319157445135536,0.717742005594716,0.7992567031297403,-0.5203740751150506,0.5984152895998553
MPe15LN,1233514.0,278.450176,5.9538586509759925,1233514.0,4429.927169432172,0.18472996658327348,0.522742344229575,0.12931024698544158,0.005460010992984271,0.010771665339834003,0.14698576586889164,2.829764715862523,1.2746643003603044,34.74205260844222,24.31691825639423,9.53125,67.71875,1.4109974551815647,0.7226152841887903,0.1588861322052864,0.49736231863498687,0.9075861215591431,-0.7486659617897025,0.7639388565762723,0.10917975025558287,0.6114647388458252,0.8713687539100645,-1.398098145756946,0.9528278593692402,0.040909582969961084,0.913294792175293,0.9795158505439758,-3.893781103882164,8.102352012417532,3.223331821073187,4.341738700866699,12.399725341796875,0.6830512325464289,45.68400313658287,25.506646313712757,17.0,78.6875,0.7284272049266313,0.15064820345979735,0.5168854236602783,0.9014985382556915,0.7683665042059193,0.10037244062640015,0.6307209551334381,0.8678144216537476,16.218094825671695,9.05230636542815,5.913892029896527,27.879535079361958,20.94938124464962,19.032163765584617,2.875,46.0,0.12756674993306816,0.044866281137081486,0.07107197495010435,0.18749312808678628,0.17561232097169854,0.1372832825523567,0.025811088085174565,0.3720684289932253,0.08452453001405959,0.039466362982588675,0.03838222773943892,0.1383970519248178,0.11737674178777832,0.10731943198491337,0.013865864276885988,0.26778818368911744,0.02797092420803059,0.023511800823847788,0.007507903438793715,0.057068800069010224,0.035763777978133834,0.05036098387371211,0.0028440475463867194,0.08732280731201175,2.3105745265961084,1.0077917374027254,1.1061010353766985,3.616652673308176,3.354717604917978,2.723505213210692,0.49964380264282227,7.087620449066164,0.45821497948228573,0.44694950176359705,0.45056120886630463,1.0549201679861442,0.17727113203571043,0.31270608188701565,1232.0,0.9477458341927487,175.2922077922078,158391.0,0.1352333233966904,0.004614374906118417,236.0,0.9963105410896217,2722.165254237288,578945.0,1.0038189876200327,0.00537105595457503,1148.0,0.9505410454779072,132.0705574912892,66443.0,0.13792164036792126,0.005095420035162186,1.9350239475819924,114.88897439236092,35.10186891402943,9.809388083847574,137.81119513521864,0.3039843417432099,22.51913118296554,8.454665122830498,72.0251967585815,0.4472872333422567,73.3893957305069,23.8911629775136,162.14222672475287,0.07149237759960299,0.737012987012987,0.9844429734015454,0.6777597402597403,0.8638831158940355,0.9194915254237288,0.9270206606938097,0.6796177453850742,0.04152246322940828,0.12000718157402268,0.0,0.16666666666666666,0.15443929219459995,0.6072747736771147,0.875079165526573,0.587972904774507,-1.4702192303224655,0.6899517852345054
MPe16LN,990823.0,144.285696,5.896253922244437,990823.0,6867.090969247104,0.5900751193704628,0.09395219933328153,0.11065851317541074,0.005920330876453211,0.03021528567665466,0.16917855156773712,0.15922074341025627,1.21375483189673,19.204488465649263,9.901250271984125,7.65625,30.6875,1.3268620712682577,0.6788032364871289,0.16015666966455191,0.45827764868736265,0.8770447850227356,-0.5024364185180206,0.7760121801223301,0.1086933826836315,0.6260742545127869,0.8731977939605713,-1.7202414303159075,0.9474057251318289,0.04643538354245928,0.9027083635330201,0.977342963218689,-3.687188031406593,5.943313328356086,1.924839723443448,3.8213568210601805,8.238465309143066,1.2992097489696561,22.075006713932755,12.349063323289968,7.46875,37.96875,0.6736481469099744,0.15403908128378407,0.4605648934841156,0.8609267830848694,0.7589761662305855,0.12109764170185251,0.5907765328884125,0.8685334920883179,7.473172422278232,3.779332652191105,3.5480085549832,12.238147122193475,11.71386948427719,10.2375285540389,1.6875,24.59375,0.13335451200349904,0.04290825966846966,0.07961283199121857,0.18969387972863488,0.17864696405637268,0.13712092780268534,0.027009665966033936,0.3741248846054077,0.08478914002684687,0.0431656164084092,0.0352045263820824,0.14546285098261005,0.11703039206307193,0.11026540947606005,0.013293921947479248,0.27427804470062256,0.03241528291514868,0.026426078724435354,0.008970426568358534,0.06728419575173926,0.04038478884851716,0.05548610996460911,0.003197014331817627,0.10143321752548218,1.4513736700536097,0.7130278052383551,0.7045257794332842,2.365639513517363,2.2217751409959994,1.9103622870089338,0.3151874542236328,4.74730110168457,0.49208036424220936,0.44770232781260316,0.5004024235381879,1.0549201679861442,0.1813068006474538,0.33726008807725383,315.0,0.994518181507199,1845.888888888889,540118.0,0.33293023559615226,0.008107533073656758,447.0,0.962498657213439,200.44519015659955,32867.0,0.10902028255599405,0.005152972295042024,989.0,0.9318241930629321,103.30434782608695,67233.0,0.14593486755454527,0.0053636334383091845,2.1663699009086765,100.34308133308195,27.79131888171858,8.44615040872532,76.12163883799424,0.364776109191667,29.274458043313704,10.576359056839207,66.06137233711713,0.3088273526494031,30.444054651419826,10.219634868771843,71.89762253307538,0.30658502524438713,0.06349206349206349,0.5965411563433537,0.9333333333333333,0.9659903457570318,0.9888143176733781,0.9905009463560772,1.181165155486129,0.3735111569867988,0.3231604897793531,0.3333333333333333,0.8333333333333334,0.7426361585562359,0.8407087166239818,0.4525329278091264,0.5575175295181813,-0.42893757386408404,0.8539526546930681
MPe16P,1083835.0,344.752128,5.815831745607034,1083835.0,3143.809456041577,0.22126799743503392,0.3187985256058348,0.29735799268338814,0.03724275374019108,0.016039341781728767,0.10929338875382323,1.4407800850579695,1.4896174333440682,27.192614247094806,21.4509085839198,8.21875,54.0,2.2064949398238536,0.724687232265686,0.16083656160239287,0.49750694036483767,0.9144633293151856,-0.7144203560318391,0.7487373150766627,0.12443135401300084,0.5697314620018006,0.8703408241271973,-1.3347284780204456,0.9449094642961424,0.050820093653877976,0.8943894505500793,0.9781209826469421,-3.5257346031158185,7.219462856901827,3.0211082841763703,3.993112897872925,11.355648231506347,1.1940756195002304,41.28166078793141,28.422747637284605,11.625,80.625,0.6995668394898906,0.15504336512412786,0.48237555027008056,0.8828025579452515,0.7499678649218191,0.1248738260092606,0.5755874991416932,0.8691400051116944,13.43400708432083,9.733453490839667,4.448391264140409,27.280863756321686,17.25019550578125,19.099062887471238,1.96875,40.5,0.1292383213066307,0.04603979155608738,0.07127312995824266,0.19000439526539276,0.17309709957832203,0.13638869846278792,0.025218808650970457,0.3678159475326539,0.09566232392699577,0.04464993660435626,0.041882335064615944,0.1572721560673647,0.12605749025024932,0.11422941630865725,0.014975357055664062,0.2892039299011231,0.03442488183134211,0.028538854162592088,0.008856499244489677,0.07245283508797223,0.04108644537906038,0.05707451051638071,0.0031986474990844723,0.10284309387207033,2.196493566859666,1.1119453668697095,0.9531125428950984,3.683091013283217,2.9844128887784396,2.668180910240287,0.3972612380981445,6.607832622528077,0.6306641395313964,0.455569055913866,0.6365141682948128,1.2730283365896256,0.23863520836889646,0.43123855974916403,2312.0,0.9411345270163168,97.62153979238754,88287.0,0.10461835423520335,0.004825672079491597,825.0,0.9791592504160308,410.08969696969694,254208.0,0.2940630066523594,0.004145172488444391,2756.0,0.9579039799929847,112.01741654571843,109429.0,0.13388748919953516,0.004503536901099366,1.8928614975164648,124.65054761673784,21.239863355354856,8.306318738289535,73.61894739457152,0.47074865106038744,18.068781097211087,7.654695936445243,45.00404493599634,0.5561675937586003,31.112540282809217,11.759436637477792,69.30756494743353,0.27233340568699804,0.7162629757785467,0.9254629186479619,0.9117647058823529,0.8915520210913305,0.9612121212121212,0.957956083608074,0.8464151013054111,0.12531058846350546,0.18919530843317287,0.0,0.4,0.4228492873164026,0.5113461678126612,0.732102997305262,0.6753932275521108,-0.5273142606483756,0.6727849502189344
MPe17LN,587194.0,93.171712,5.857771026270704,587194.0,6302.277669789922,0.7083723607530049,0.07139889031563675,0.1671253452862257,0.007629505751080563,0.01647666699591617,0.02899723089813588,0.1007928798053983,0.939196771897095,18.174140914246397,8.189733274453507,8.9375,27.875,1.3275790135846457,0.6812455851073328,0.16233105989957372,0.457987841963768,0.8836130380630494,-0.4897190918036267,0.7862697175595016,0.10486884849044344,0.6419952869415283,0.8782851696014404,-1.778688878532022,0.9529758326263982,0.04040571967270846,0.9176250338554383,0.9782967627048493,-4.132180280522233,5.840841712770595,1.7130156971038824,4.088047504425049,7.980132722854616,1.3976194070327634,18.306039057841385,10.765672081690626,5.9375,32.625,0.6894043076871692,0.15046148896709016,0.48146427869796754,0.8685975313186646,0.7698222757206833,0.10942781616643073,0.6251978635787964,0.8690519332885742,6.284315371223415,3.200821172157811,2.8794757978790466,10.388347952922622,9.963619664624538,8.44052310132423,1.46875,20.8125,0.13031832004295854,0.04391928825443709,0.07603480490975491,0.18712581545514304,0.17460314960553897,0.13455719581800937,0.026344186067581175,0.36652895510196687,0.07753537907724878,0.04202522286115687,0.03008963035373563,0.13615744211647088,0.11214506547280953,0.10361009739746373,0.0133811354637146,0.25615978240966797,0.027153902768012366,0.02408520985769852,0.007263340434096304,0.05819780842711348,0.036560417894474936,0.05069249410641233,0.0030185580253601074,0.09072734117507936,1.3040025751319295,0.66165443180698,0.5840963854760197,2.1452970508944604,2.0067214058042078,1.6824263880745307,0.2951552867889405,4.224340057373047,0.5274847975853793,0.43822667052780273,0.5004024235381879,1.0608569471580214,0.17733211602811708,0.3690098521709198,108.0,0.9980574681694018,3843.925925925926,146411.0,0.44277400889553686,0.016044557094179093,284.0,0.9520333929636029,140.54225352112675,11993.0,0.10230068099205207,0.004439297864938606,838.0,0.9057420899780821,106.06801909307876,20606.0,0.07872944650535611,0.008092452466660354,2.332397387306393,14.490441205557346,24.322438640935644,8.183243544913779,64.51346450715229,0.4099799976920414,19.799777333043387,7.748906538332698,46.982679490354144,0.50566171096665,18.56921574134655,7.366850510165039,43.85766072657718,0.5425641025641026,0.2222222222222222,0.7072173862594114,0.9074074074074074,0.9590258234764761,0.9823943661971831,0.9935156335783237,0.8107791987997717,0.5143766951690579,0.32129762136030576,0.5,1.0,0.8645915324985093,0.8420324175700751,0.31956895497766613,0.5833941178883791,-0.2772239183074761,0.8121455430501879
MPe17P,951236.0,221.093888,5.938490553343229,951236.0,4302.407491226974,0.11015352656964203,0.7140362643970581,0.14963584220950427,0.002115142824703859,0.0016578430589254403,0.022401380940166266,6.4821915389466325,0.8764640409477888,24.674896003725678,15.174888641824579,8.1875,44.75,1.3012756228247533,0.7330963130395943,0.15285463726269083,0.5171728730201721,0.9085957705974579,-0.817433694138062,0.7521447544819346,0.11715298190677025,0.5894270837306976,0.8669986128807068,-1.4074546943714268,0.9460678857281878,0.05049562486457835,0.8986118733882904,0.9777777791023254,-3.6417037868568602,6.944871277657084,2.4151120775125046,4.053988456726074,10.100386142730713,0.6254222309771231,28.24195912352017,15.56293946362743,10.6875,48.34375,0.7303521209174563,0.14955799904761716,0.5193831086158752,0.9010655283927917,0.758958878375367,0.1097272122855008,0.6104124188423157,0.8662656545639038,10.89461536122077,5.207739222382414,5.204499158368531,17.474514474383945,13.397536469938952,12.087107002106984,1.8125,29.40625,0.12497898764292033,0.04457052550164028,0.0692376097821509,0.18472722789351947,0.16552645968184343,0.13310513191241202,0.023563694953918458,0.35561142563819886,0.0926017799583141,0.04240529802115959,0.04270417337294684,0.1517992824878342,0.1296567758191716,0.11563393088182175,0.01588589549064636,0.29455905258655557,0.034776567758028266,0.029025152799638104,0.008870099405495015,0.07489823949132772,0.047151367311390226,0.06403273356497959,0.003569072484970093,0.1228453874588013,1.9036950131412125,0.7450910051042068,1.042135556876301,2.851692617981333,2.641108194496375,2.142057847617842,0.39405460357666017,5.538966989517214,0.44320735550095397,0.42659222089790466,0.45056120886630463,1.0397207708399179,0.1856523221676157,0.30761071258753464,2095.0,0.8949915061747161,44.76324582338902,6946.0,0.04339611911306544,0.003672780814193798,125.0,0.9984069892243553,5425.08,671651.0,2.1635619874725527,0.004773755028350296,1446.0,0.9505054833882426,93.5643153526971,40928.0,0.09824044471336535,0.004174284733392072,1.8379701123919583,10.717357435419082,10.590499626113242,5.9312622874072884,27.738416707057233,0.8116374949895975,18.087682283056587,7.482843018635917,54.04000891163088,0.5499799583897997,32.158785517076105,11.72445869811515,77.43015049193632,0.2689744220182946,0.9794749403341289,0.9945129929181842,0.7522673031026254,0.7611778607689974,0.904,0.8975820561558864,1.4757583092484055,0.07343282648179997,0.13044182396736695,0.0,0.25,0.3101085514644068,0.2862718744372542,0.8449224869650472,0.5014028594068661,-0.39627257507503383,0.7254691721291497
MPe18B-A1,41365.0,9.015296,5.852774084370845,41365.0,4588.3130177214025,0.23278133687900399,0.413586365284661,0.2900278012812764,0.004520730085821346,0.008243684274144809,0.05084008219509247,1.7767161622708627,1.2788757475472474,21.503632297836337,14.038711429969242,7.5,39.46875,1.8428972302982256,0.739571366567292,0.15601330620420845,0.5182836532592774,0.9182332396507263,-0.8263830440323197,0.7491785878276618,0.11474980092782391,0.5856018662452698,0.8665210008621216,-1.2241675324693386,0.945562400779542,0.04429126190238546,0.8995579481124878,0.9769838690757752,-3.337844857697029,6.585909884465615,2.434275857656991,3.885393571853638,9.720022201538086,1.071314528245257,30.02455905132102,16.26176808765132,11.9375,50.09375,0.719380296379596,0.1518117090355236,0.5047162890434265,0.8959794819355011,0.7598271140981591,0.10721094744344006,0.613697737455368,0.8664537966251373,9.559162367933872,5.679991800007087,4.072404792319354,16.828193390592933,11.52823646542768,11.238703582280307,1.53125,24.90625,0.1284815144978842,0.04561646635564997,0.07184707416366315,0.18984815345370495,0.17616498937225503,0.1391496823777359,0.025472986698150644,0.3739441573619843,0.09204111114013294,0.03927085766692977,0.0442115753618116,0.14515708885566084,0.12942371563397886,0.10978190423846827,0.01689705848693848,0.28382925987243646,0.031615534799387175,0.023849436126823814,0.009739465466728625,0.06252096040456225,0.03982919871662611,0.05115952187023768,0.0036894917488098154,0.09575624465942381,1.8897737322604955,0.8252254303383371,0.9683712002038405,2.9578106069940513,2.542271805002221,2.1369415401488694,0.3695215225219727,5.395524787902832,0.5133934972939481,0.4303649672958492,0.5004024235381879,1.0549201679861442,0.21731378758400882,0.35782734407269723,66.0,0.9617821165229035,140.3181818181818,2772.0,0.053395410777369354,0.005263852321953302,76.0,0.9901800327331663,222.89473684210526,2097.0,0.055130863605726214,0.009611136520499833,52.0,0.9867466866715856,227.65384615384616,3777.0,0.13944583153428153,0.005153690108154476,1.9071429009566119,0.8362256319978834,49.38705081914049,11.233789646078705,132.22506363936682,0.21092532973309794,12.525687726493173,5.851337474136094,31.231283507853046,0.7553224633918372,31.745955106780038,11.313263317682607,77.58591850701406,0.2753682487725041,0.7878787878787878,0.6582037452209248,0.9242424242424242,0.8812965554911726,0.868421052631579,0.7043179931645858,0.27925202767923585,0.04102204996961835,0.11016275474236531,0.0,0.16666666666666666,0.1651858779518354,0.5845852450179273,0.8492187713502304,0.6158694287476483,-1.7441808894777129,0.6457409643586005
MPe18LN,486388.0,150.54848,5.682171435150538,486388.0,3230.7732366130112,0.4620056415865523,0.12169913731424295,0.3701201509905672,0.006537990246469896,0.023742362064853573,0.01589471779731408,0.263414828946475,1.1684737618720806,21.1939405885836,10.533869689509041,10.3125,34.0,1.7194508464742708,0.7151339721699987,0.16435441430263115,0.48483562767505645,0.9150535881519317,-0.6121370982278442,0.7632010603513816,0.12285341462483813,0.5860618829727173,0.8756234645843506,-1.5069166459563386,0.9503010007654952,0.04639144779940917,0.909339553117752,0.97817462682724,-4.178187807355868,6.584778618273655,2.267208919675327,4.404287910461426,9.491250896453858,1.57678719399369,20.86364730626932,10.318835017635003,8.96875,34.0625,0.7055068327568658,0.1504492434451683,0.49400150775909424,0.8818705916404724,0.7637671353551432,0.11682596985861678,0.6088123798370362,0.8691061258316041,7.85614098238035,4.28147119354212,3.4751912112562127,13.142847413610806,10.70770576852083,9.66542572908196,1.5,22.78125,0.12935295178214892,0.04693250543146178,0.07113521754612105,0.1898121760181415,0.17842502478980518,0.13686190444756058,0.026987910270690918,0.37306517362594604,0.09179417888559475,0.047045285014516006,0.03647731218333336,0.15618699674835146,0.12220930699382343,0.11421240431106805,0.01386481523513794,0.28330427408218384,0.030439333491426954,0.02813785705630119,0.007364532394204056,0.0658378742018474,0.03729651683973858,0.05594875917500563,0.00274503231048584,0.09331119060516357,1.665000154891873,0.8956785839275044,0.7090554557501936,2.8322044935117265,2.234145025987171,1.9912858921389105,0.3079676628112793,4.817808628082275,0.6696391282507482,0.4239098798706829,0.6730116670092565,1.2424533248940002,0.25340745271092086,0.4841779617474871,290.0,0.9792536290573753,758.8,137090.0,0.21027716491612009,0.008085595217343077,245.0,0.9558393728988064,230.934693877551,25113.0,0.19540437947883202,0.0042933222554595585,1392.0,0.936168912688444,121.07112068965517,91608.0,0.08667398557350448,0.0059657665142033925,2.1724997462816655,40.288511841392044,19.397635912233604,7.566096732088564,61.9064095679796,0.5141646715380439,14.682095592509825,6.91626823196899,35.696442061476155,0.6780974928130868,17.676248766369863,7.709218194150128,44.497740489373555,0.5717736894565236,0.15172413793103448,0.7728148382922331,0.8724137931034482,0.9320252709675712,0.9795918367346939,0.9896514075858877,0.7582459398969111,0.4364568005304799,0.28483510150419833,0.42857142857142855,0.8333333333333334,0.8666396364434984,0.6687081359591213,0.3848467948102596,0.666113897627991,0.001677025735727092,0.7018643559542476
MPe20LN,112400.0,57.253888,5.31797153024911,112400.0,1963.1854521047865,0.3656316725978648,0.021512455516014235,0.5646174377224199,0.002927046263345196,0.004208185053380783,0.041103202846975086,0.05883641125597457,0.9444860738485235,16.167540035587187,8.237598822230941,6.9375,25.96875,1.7955905410547734,0.7599563919346449,0.16903355037836162,0.5119639277458191,0.9462929666042328,-0.8730045663274936,0.7270053116065115,0.13809094172236794,0.5233520984649659,0.8711380362510681,-1.0052339994612929,0.9430354803641495,0.04833119043194397,0.8935574293136597,0.9767441749572754,-3.4180214195922343,6.158421579205905,2.3816621763454773,3.828675150871277,9.178630447387699,1.687481062446684,15.326884305210918,11.559118659235065,3.8031250000000005,30.53125,0.7554740175000886,0.15327759404264293,0.541257667541504,0.9337450742721558,0.7192951373269086,0.13626378930385552,0.5229723453521729,0.8603712379932404,5.92349237641853,3.3459222194457476,2.5589840463285682,9.781621514641882,8.685154163212674,7.4644274520745935,1.3125,17.90625,0.11700608501190368,0.0536782086798074,0.04672183856102728,0.18695409053071155,0.17177385116982716,0.13973719980961494,0.022535586357116704,0.37357057332992566,0.09603354602247008,0.04665489236144278,0.037058394676296985,0.15752710482398993,0.14006158401660534,0.11553588219364314,0.018876361846923827,0.30457258224487305,0.031433654983707135,0.02710906250054551,0.007860694554896191,0.0662583398242448,0.04359339520991097,0.05702099368132632,0.003771770000457764,0.10641735792160034,1.64663673239355,0.9902742085938069,0.6147973212315325,2.9178177536777166,2.324860913974109,2.0955197342038456,0.32317228317260754,4.954308366775513,0.41922001652816276,0.3997948855980803,0.45056120886630463,1.0114042647073518,0.14388310664977544,0.3269414795730585,45.0,0.9909725770737283,905.0222222222222,40026.0,0.127609274263721,0.013342723532279265,73.0,0.6248966087673181,20.698630136986303,158.0,0.008818811572159807,0.005490437455987483,834.0,0.914879536107639,69.61750599520384,18372.0,0.05421634530203984,0.00607883843896348,2.2019900311455856,5.6102449401359555,73.5560972543583,20.913311274013974,154.72897401401625,0.09280482760298805,13.211864689301825,5.926542152994649,51.88775176478934,0.6961092050514636,12.603949427239463,5.708202241937285,37.06943700117452,0.7187758478081059,0.28888888888888886,0.3440900526791265,0.8666666666666667,0.9513117201084277,0.9315068493150684,0.9916100334752734,0.13331935103890433,0.20758959768393728,0.30670145026438406,0.0,0.75,0.3870967741935484,0.7703881172297998,0.27659578716182487,0.8500697504264311,-0.46271461187125984,0.40014954528063396
MPe3P-A8,855635.0,249.110528,5.841986361006738,855635.0,3434.760493127634,0.2040916979786942,0.40387431556680126,0.2994068732578728,0.04374879475477277,0.014483979734349343,0.03439433870750963,1.9788865377075577,1.365725615684501,27.920272480380067,19.906700847190187,9.96875,55.0625,1.9282961577941533,0.7254573444116575,0.15747767192481754,0.5039430141448975,0.9103782892227172,-0.7347606272963485,0.7551663027681236,0.12204922957514601,0.5842883110046387,0.8700655698776245,-1.5178495416614282,0.9476277322319836,0.05230427193771938,0.9030928015708923,0.9784946441650391,-4.035754532731612,7.310438039119101,2.7058182737364525,4.440340232849121,11.099235534667967,0.9924797282374549,38.94116117186437,24.51781915184182,12.96875,72.34375,0.6976796278535385,0.15234183757569328,0.48448606133461003,0.8766860365867615,0.7674875821630429,0.11571334518611859,0.6186010837554932,0.8704960346221924,12.34348980963069,8.31143795098642,4.367836349639203,23.893231863078864,13.4551594998372,14.479134940410642,1.625,30.21875,0.1269465461369257,0.04520295508111199,0.07005726792481477,0.1867259040724418,0.16883344242254067,0.13389560596489633,0.02442997694015503,0.35974473059177403,0.09514425504572381,0.04665905449364665,0.040805934428486526,0.16049656115155722,0.128484355993315,0.11964258414678335,0.014774000644683838,0.297360122203827,0.03462517580581415,0.031631233721327555,0.008086467909773309,0.07784715192561463,0.04287941832123397,0.06476328014366453,0.0029562711715698242,0.11019341349601747,1.9826668900085032,0.9152608102284384,0.919463095469361,3.1985801829769307,2.454813515214434,2.1831631066778567,0.3310320854187012,5.403559231758119,0.5246411679818247,0.44895568957474774,0.5004024235381879,1.0789922078775833,0.20478398858163468,0.36373486378607806,1004.0,0.9487997342923189,165.02689243027888,57465.0,0.1735135402797007,0.004690362631209054,461.0,0.9870329803888631,739.887201735358,310954.0,0.3110692812531998,0.003916066310749601,871.0,0.9762006065976238,287.1251435132032,214962.0,0.35056406332115725,0.004410456385044121,1.8650920075826802,73.24063257650933,21.971661264892184,7.737153577983712,68.77224583195563,0.46051034198410334,15.91145575626043,7.094728195674898,38.88896202766004,0.6301452229882951,41.393265037685076,12.531434093464348,107.08566912998508,0.22010076135301487,0.6623505976095617,0.9041044612283957,0.9860557768924303,0.9914558786232461,0.9913232104121475,0.9818995037521444,0.7308003368960824,0.08023738620706572,0.166510517615168,0.0,0.2857142857142857,0.2720209278031305,0.5439513324598622,0.8170725907417103,0.6839879103110896,-0.9018746546122047,0.6379623719482731
MPe6P-A18,1329795.0,311.410688,5.90371598629864,1329795.0,4270.229157952761,0.21616038562334797,0.44004602213123073,0.21360360055497277,0.022036479306960847,0.021238611966506116,0.08691490041698156,2.0357385041968663,1.400247287251207,28.28395196722051,18.025193451027167,9.3125,52.5625,1.4626461296455302,0.7008581320343947,0.15731178331405157,0.4811773180961609,0.888922119140625,-0.6445507710531784,0.7651109976344366,0.11283820398928765,0.609807014465332,0.8708161950111389,-1.585454292682788,0.9472701204185076,0.04907948220191896,0.900671124458313,0.9779874086380005,-3.742348846593336,7.227003038611239,2.638799091595033,4.225085258483887,10.76884498596192,0.8785721301411978,36.25144978989048,20.46633582439188,12.71875,62.65625,0.7018173012129209,0.1495963840837739,0.49268314242362976,0.8768199682235718,0.7574248973610423,0.11274577826773965,0.6067835092544556,0.8637906908988953,12.365378944893354,6.956514400798986,4.828270376047591,21.496468187382156,15.202373930657119,14.72901310082339,1.90625,34.375,0.1296699033922883,0.043322378186314285,0.07526914696167612,0.18705848074538506,0.17298882761738366,0.13416187432555687,0.02583441734313965,0.3640241682529449,0.08777148679910128,0.04324473817057442,0.038002881573296246,0.14821606166591714,0.1133642991683854,0.10889669825167321,0.012835443019866943,0.2644675731658935,0.033262493614579565,0.02816424545291216,0.008534257596320328,0.07060604920481092,0.03958805861318297,0.05695132022423701,0.0029408931732177734,0.09999229907989499,1.9472677695629956,0.8898573436945773,0.9102994415200298,3.1128849898933764,2.545278322928487,2.2250948903495624,0.3424850940704346,5.585203266143797,0.5288294820551951,0.45934937074376975,0.5004024235381879,1.1537419427010902,0.203160211481478,0.3625914118581554,1787.0,0.9568584340178573,153.91606043648574,192392.0,0.12335601494505752,0.004769974156835973,662.0,0.9907719282055997,875.7870090634441,541742.0,0.35568225530402797,0.004069942126806853,1312.0,0.9706811148780634,210.1532012195122,236676.0,0.2288999510264662,0.005126818970907324,1.9297065167603191,168.16350322846608,18.40457452036118,7.62529722787919,56.88041965776681,0.5414560495948847,22.883636949455497,8.635983536067613,64.80930740141821,0.4345501288924296,52.60576505542863,15.500311834905546,126.36208600508411,0.15086017591439083,0.7722439843312815,0.9542150235733694,0.8533855623950756,0.9259357094266283,0.9879154078549849,0.9905597446249913,1.2460151599285427,0.08737719781161597,0.18700912635950848,0.0,0.3333333333333333,0.2624514885392475,0.5970855708108683,0.8171040070698627,0.6771662769552866,-0.8830835611706386,0.684878109687781
MPe8P-F26,787849.0,290.226176,5.710566364874487,787849.0,2714.6035235542827,0.15093374491812517,0.27751256903289845,0.45036421953953104,0.011536474629021552,0.017551586661911103,0.09210140521851269,1.8386383200443237,1.3424802289898996,23.674967062216236,15.32224681241403,8.15625,43.3125,1.7580439057681563,0.7707012872221223,0.15714580202129586,0.5452615737915039,0.9445044040679932,-0.9429945166320816,0.7176917279563384,0.13158582608893613,0.5237429738044739,0.8602237701416016,-0.9190225210067571,0.9421968432670964,0.04674163242536314,0.893233060836792,0.9761273264884949,-3.2700911743964274,7.326921132262141,2.999083971431098,4.094901466369629,11.31259174346924,1.1487440619154008,30.392252261729436,18.940778231802692,9.5625,55.0625,0.753573167893899,0.14966502221333242,0.5421882152557373,0.9213503837585449,0.7321656001384762,0.11927820062751207,0.5643908619880676,0.8565965294837952,10.564063777639056,6.032598426542602,4.372380788388255,18.360948259163106,13.616566357126223,12.988748472229325,1.78125,30.03125,0.11851444430089329,0.04948833003031984,0.05537144233937696,0.18435838820303885,0.16203457791008538,0.13458938053076822,0.021152842044830325,0.35469778776168825,0.0987630926186345,0.04050270306848746,0.04805400513521724,0.1527830480892843,0.13296265775225033,0.11280291830171212,0.01707647442817688,0.29547480344772337,0.03297109216088193,0.025209987216123494,0.010024495637780587,0.06515390933092041,0.04046206424870794,0.05290294573944542,0.0034967422485351583,0.09784576892852782,2.20195059786336,1.0731847693119596,0.9945090204855483,3.6046500750248334,2.921350118649189,2.5618972936382676,0.3970970153808594,6.363938188552855,0.556753338277372,0.4420863745114009,0.5623351446188083,1.0986122886681096,0.18725227092926205,0.3817682966946014,1726.0,0.9075206243219757,62.52375434530707,11579.0,0.03837292673850782,0.006930350137412868,656.0,0.9594672472305777,319.780487804878,188365.0,0.17983293922944815,0.0060324477475275536,1078.0,0.9838565578506197,323.83209647495363,290820.0,0.29158751858832344,0.004254313313276983,2.1039714932492335,12.403523493205547,21.88859016605395,7.982160418341529,79.85861584362925,0.4608327096280474,21.297321927816967,7.951839740810737,65.92516921647068,0.4699822559350113,39.55806063917076,12.498208403280739,94.55704761873899,0.21473394377921495,0.5121668597914253,0.879687712116214,0.9269988412514485,0.9605781436744012,0.9908536585365854,0.9948904251922841,0.9805321431352905,0.09026340228198654,0.16998345223788938,0.0,0.3333333333333333,0.30967169476486245,0.5405087301426714,0.7627477311104832,0.8200404020515983,-0.46372268992827065,0.5471640217037285
